food_name,quantity,protein_g,carbs_g,fat_g,calories
Toasted Plain Waffles ,100 g,7.19 g,49.29 g,9.61 g,312.0
Seafood Souffle,100 g,10.62 g,5.56 g,9.74 g,154.0
Puff Pastry,100 g,7.4 g,45.7 g,38.5 g,558.0
Nonfat Frozen Yogurt,100 g,3.75 g,21.91 g,0.41 g,103.0
Ice Cream ,100 g,3.92 g,29.26 g,10.14 g,218.0
Chocolate Frozen Yogurt,100 g,5.24 g,21.61 g,1.95 g,113.0
Chocolate Ice Cream Cone,100 g,4.07 g,31.76 g,9.52 g,222.0
Chocolate Puddings,100 g,2.7 g,23 g,4 g,139.0
Vanilla Wafers ,100 g,5 g,73.6 g,15.2 g,441.0
Apple Pie,100 g,2.4 g,37.1 g,12.5 g,265.0
Milk Chocolate Candies,100 g,7.65 g,59.4 g,29.66 g,535.0
Ice Pop,100 g,0 g,19.23 g,0.24 g,79.0
Banana Puddings,100 g,2.4 g,21.2 g,3.6 g,127.0
Sweet Roll,100 g,6.2 g,50.9 g,16.4 g,372.0
Lemon juice,100 g,0 g,32 g,0 g,130.0
Ice Cream Sundae Cone,100 g,5.55 g,29.96 g,15.06 g,265.0
Custard,100 g,5.07 g,10.85 g,3.5 g,95.0
Chocolate Ice Creams,100 g,3.8 g,28.2 g,11 g,216.0
Vanilla Wafers ,100 g,4.3 g,71.1 g,19.4 g,473.0
Hard Cands,100 g,0 g,98 g,0.2 g,394.0
Plain Muffin,100 g,7.63 g,43.77 g,10.87 g,305.0
 Yogurt,100 g,3 g,21.6 g,3.6 g,127.0
Jellybeans,100 g,0 g,93.55 g,0.05 g,375.0
Brownie,100 g,4.76 g,62.54 g,13.77 g,379.0
Ice Pop Filled with Ice Cream,100 g,1.16 g,20.67 g,3.79 g,119.0
Buttermilk Pancakes,100 g,6.8 g,28.7 g,9.3 g,227.0
Chocolate Cheesecake,100 g,6.6 g,38.44 g,24.75 g,389.0
Chocolate Coated or Frosted Doughnuts,100 g,5 g,48 g,31 g,474.0
Pecan Pie,100 g,4.9 g,52.2 g,22.2 g,412.0
Jelly Doughnut,100 g,5.9 g,39 g,18.7 g,340.0
Mango juice,100 g,0 g,25 g,0 g,100.0
Diet Cheesecake,100 g,5.74 g,30.15 g,9.16 g,224.0
Cheesecake,100 g,5.5 g,25.5 g,22.5 g,321.0
Pancakes ,100 g,5.2 g,36.7 g,2.5 g,194.0
Cupcakes with Frosting (Low Fat),100 g,4.3 g,67.2 g,3.7 g,305.0
Chocolate Cupcake,100 g,3.79 g,63.59 g,11.7 g,356.0
Sweet Chocolate Candies,100 g,3.9 g,59.6 g,34.2 g,505.0
Bread Pudding,100 g,5.27 g,23.26 g,4.74 g,153.0
Chocolate Wafers,100 g,6.6 g,72.4 g,14.2 g,433.0
Brownie with Icing,100 g,4.8 g,63.9 g,16.3 g,405.0
73% Organic Dark Chocolate,100 g,3 g,15 g,14 g,190.0
Chocolate Soft Serve Ice Cream,100 g,3.7 g,27.87 g,9.67 g,205.0
Cream Wafers,100 g,4.1 g,70.1 g,24.3 g,511.0
Plain Waffle,100 g,7.3 g,48.84 g,9.55 g,310.0
Plain Pancakes,100 g,6.4 g,28.3 g,9.7 g,227.0
Shortbread Cookies,100 g,6.1 g,64.5 g,24.1 g,502.0
Brownie with Peanut Butter Fudge Icing,100 g,7.47 g,59.44 g,16.98 g,409.0
Vanilla Ice Creams,100 g,3.5 g,23.6 g,11 g,201.0
Strawberry Ice Creams,100 g,3.2 g,27.6 g,8.4 g,192.0
Potato Pancakes,100 g,6.06 g,27.9 g,14.75 g,269.0
Cheesecake with Fruit,100 g,6.25 g,32.9 g,13.45 g,273.0
100% Whole Wheat or 100% Whole Grain Waffle,100 g,9.22 g,33.33 g,11.22 g,267.0
Fruit Waffle,100 g,6.4 g,44.8 g,8.24 g,278.0
Lowfat Brownie,100 g,5.43 g,70.23 g,5.38 g,324.0
Peanut Butter Cookies,100 g,9.6 g,58.9 g,23.6 g,477.0
Creme or Caramel Filled Chocolate Covered Sugar Wafer,100 g,5.2 g,66.58 g,25.24 g,511.0
Butter Pound Cake,100 g,5.5 g,48.8 g,19.9 g,388.0
Vanilla Puddings,100 g,2.3 g,22 g,3.6 g,130.0
Chocolate Filled Crepe,100 g,5.5 g,20.68 g,5.54 g,156.0
Marshmallows,100 g,1.8 g,81.3 g,0.2 g,318.0
English Muffin,100 g,8.87 g,44.17 g,1.69 g,227.0
Fruit and/or Nuts Muffin,100 g,5.5 g,48 g,6.5 g,277.0
Tapioca Puddings,100 g,2 g,19.4 g,3.7 g,119.0
Cheese and Fruit Strudel,100 g,6.89 g,29.84 g,8.44 g,220.0
Fruit Filled Crepe,100 g,4.59 g,26.57 g,6.97 g,184.0
Dark Chocolate Miniatures,100 g,2 g,22 g,12 g,200.0
Peanut Butter Fudge,100 g,7.02 g,66.72 g,16.59 g,435.0
Chocolate Cake (Without Frosting),100 g,5.3 g,53.4 g,15.1 g,358.0
Light Vanilla Ice Creams (Soft Serve),100 g,4.9 g,21.8 g,2.6 g,126.0
Blueberry Pie,100 g,2.7 g,33.5 g,11.9 g,245.0
Berry Strudel,100 g,3.51 g,46.78 g,6.21 g,251.0
Chicken or Turkey Souffle,100 g,12.34 g,5.53 g,11.25 g,175.0
Candy Coated Marshmallow,100 g,1.16 g,87.99 g,0.13 g,343.0
Sugared or Glazed Chocolate Doughnuts,100 g,4.5 g,57.4 g,19.9 g,417.0
Sugar Cookies (Includes Vanilla),100 g,5.1 g,67.9 g,21.1 g,478.0
Light Vanilla Ice Creams,100 g,4.78 g,25.8 g,4.83 g,165.0
"Cheesecake (From Mix, No-Bake Type)",100 g,5.5 g,35.5 g,12.7 g,274.0
Cupcake,100 g,2.84 g,67.64 g,10.93 g,369.0
Rich Dark Chocolate,100 g,2 g,24 g,13 g,210.0
Ice Cream,100 g,3.52 g,24.4 g,10.72 g,201.0
Chocolate Cake (with Chocolate Frosting),100 g,4.1 g,54.6 g,16.4 g,367.0
White Chocolate Candies,100 g,5.87 g,59.24 g,32.09 g,539.0
Frozen Yogurt,100 g,4.7 g,19.62 g,1.47 g,107.0
Spinach Souffle,100 g,7.91 g,5.82 g,12.95 g,171.0
Cupcake with Icing,100 g,2.85 g,67.8 g,10.96 g,370.0
Cherry Pie,100 g,2 g,39.8 g,11 g,260.0
Caramel Custard Flan (Dry Mix),100 g,0 g,91.6 g,0 g,348.0
Vanilla Fudge,100 g,1.05 g,82.28 g,5.44 g,384.0
Light Ice Cream Cone,100 g,4.88 g,28.06 g,3.14 g,156.0
Cookie,100 g,5.42 g,68.97 g,21.39 g,486.0
Dried Fruit Mixture,100 g,2.19 g,64.81 g,0.44 g,244.0
Dried Apricot,100 g,3.39 g,62.64 g,0.51 g,241.0
Mandarin Orange ,100 g,0.45 g,16.19 g,0.1 g,61.0
Grapefruit (Pink and Red),100 g,0.77 g,10.66 g,0.14 g,42.0
Fruit Salad,100 g,0.67 g,13.16 g,0.86 g,57.0
Oranges,100 g,0.94 g,11.75 g,0.12 g,47.0
Raisins,100 g,3.07 g,79.18 g,0.46 g,299.0
Cranberries,100 g,0.39 g,12.2 g,0.13 g,46.0
Plums ,100 g,0.37 g,16.28 g,0.1 g,63.0
Fig Bar,100 g,3.7 g,70.9 g,7.3 g,348.0
Bananas,100 g,1.09 g,22.84 g,0.33 g,89.0
 Grapes ,100 g,0.63 g,17.15 g,0.35 g,67.0
Kiwi Fruit,100 g,1.14 g,14.66 g,0.52 g,61.0
Strawberries,100 g,0.43 g,9.13 g,0.11 g,35.0
Figs,100 g,0.75 g,19.18 g,0.3 g,74.0
Pineapple ,100 g,0.42 g,15.7 g,0.08 g,60.0
Watermelon Juice,100 g,0.61 g,7.55 g,0.15 g,30.0
Apple Banana,100 g,1.09 g,22.84 g,0.33 g,89.0
"Blueberries (Solids and Liquids, Heavy Syrup, Canned)",100 g,0.65 g,22.06 g,0.33 g,88.0
Raspberries,100 g,1.2 g,11.94 g,0.65 g,52.0
"Blueberries (Unsweetened, Frozen)",100 g,0.42 g,12.17 g,0.64 g,51.0
Frozen Blackberries,100 g,1.18 g,15.67 g,0.43 g,64.0
 Avocados,100 g,1.96 g,8.64 g,15.41 g,167.0
Bananas (Large),100 g,1 g,31 g,0 g,121.0
Berries,100 g,0.68 g,7.98 g,0.3 g,33.0
"Tangerines (Mandarin Oranges, Juice Pack, Canned)",100 g,0.62 g,9.57 g,0.03 g,37.0
Apples,100 g,0.26 g,13.81 g,0.17 g,52.0
Coconut,100 g,3.33 g,15.23 g,33.49 g,354.0
"Blueberries (Sweetened, Frozen)",100 g,0.4 g,21.95 g,0.13 g,81.0
Peaches ,100 g,0.4 g,11.1 g,0.1 g,42.0
Pears,100 g,0.38 g,15.46 g,0.12 g,58.0
"Red Kidney Beans (with Salt, Cooked, Boiled)",100 g,8.67 g,22.8 g,0.5 g,127.0
Lentils,122 g,25.8 g,60.08 g,1.06 g,353.0
Fried Tofu,123 g,17.19 g,10.49 g,20.18 g,271.0
"Fruit Flavored Drink (made From Sweetened Powdered Mix, Fortified with Vitamin C)",157 g,0 g,8.98 g,0.01 g,35.0
Vanilla Shake,158 g,3.37 g,19.59 g,6.52 g,148.0
Unsweetened Iced Tea,159 g,0 g,0.08 g,0 g,0.0
Apple Juice Drink,176 g,0.02 g,12.91 g,0.03 g,50.0
Lemonade,100 g,0.07 g,10.43 g,0.04 g,40.0
Chocolate Milk (Lowfat),100 g,3.24 g,10.44 g,1 g,63.0
Coffee,100 g,3.1 g,85.94 g,5.56 g,406.0
Skim Chocolate Milk,100 g,3.42 g,10.89 g,0.28 g,56.0
"Fruit Punch (made with Soda, Fruit Juice and Sherbet or Ice Cream)",1 fl oz,0.16 g,4.76 g,0.15 g,21.0
Chocolate Ice Cream Soda,100 ml,1 g,15.23 g,2.9 g,87.0
Margarita,100 g,0.06 g,13.86 g,0.11 g,218.0
Root Beer Float,100 g,7 g,75 g,15 g,470.0
Grapefruit Juice,100 g,0.52 g,8.96 g,0.1 g,38.0
Low Calorie Lemonade,100 g,0.02 g,0.52 g,0 g,2.0
Chocolate Shake,100 g,3.4 g,20.5 g,3.7 g,127.0
"Lemonade-Flavor Drink (Powder, with Water)",100 g,0 g,10.8 g,0 g,42.0
Chocolate Milk (Whole),100 g,3.17 g,10.34 g,3.39 g,83.0
Vegetable Juice Cocktail (Canned),100 g,0.63 g,4.55 g,0.09 g,19.0
Limeade,100 g,0 g,18.11 g,0 g,72.0
Espresso Coffee,100 g,0.12 g,0 g,0.18 g,2.0
Cocoa and Sugar Mixture (with Lowfat Milk),100 g,3.44 g,12.04 g,1.1 g,71.0
Orange Juice Drink,100 g,0.2 g,13.41 g,0 g,54.0
Water (Bottled),1 ml,0 g,0 g,0 g,0.0
Iced Coffee with Sugar,100 g,0.11 g,4.02 g,0.01 g,16.0
Fruit Smoothie Drink,100 g,1.06 g,18.16 g,0.87 g,80.0
Iced Tea,100 g,0.01 g,9.89 g,0 g,38.0
Hot Cocoa Milk,100 g,3.52 g,10.63 g,2.33 g,77.0
Egg Yolk,100 g,15.86 g,3.59 g,26.54 g,322.0
Scrambled Egg,100 g,13.84 g,2.08 g,16.18 g,212.0
Fried Egg,100 g,13.63 g,0.88 g,15.31 g,201.0
Egg White,100 g,10.9 g,0.73 g,0.17 g,52.0
Egg Omelet,100 g,10.62 g,0.69 g,12.02 g,153.0
Fried Egg without Fat,100 g,14.18 g,0.87 g,11.21 g,166.0
Cage Free Fresh Hard Cooked Peeled Eggs,100 g,6 g,0 g,4 g,60.0
Cabbage Salad or Coleslaw with Dressing,100 g,1.28 g,7.65 g,12.85 g,146.0
Caesar Salad with Romaine,100 g,5.03 g,6.52 g,14.17 g,170.0
"Lettuce Salad with Egg, Tomato, and/or Carrots",100 g,3.73 g,3.63 g,2.73 g,53.0
Pasta or Macaroni Salad with Meat,100 g,6.66 g,17.94 g,8.15 g,172.0
Chicken or Turkey Salad,100 g,16.2 g,1.4 g,17.31 g,229.0
Chicken or Turkey Salad with Egg,100 g,15.16 g,1.56 g,15.71 g,211.0
Potato Salad,100 g,2.68 g,11.17 g,8.2 g,143.0
"Lettuce Salad with Avocado, Tomato, and/or Carrots",100 g,1.13 g,5.3 g,3.46 g,52.0
Cabbage Salad or Coleslaw with Apples and/or Raisins with Dressing,100 g,1.45 g,15.21 g,14.81 g,191.0
Greek Salad,100 g,6.66 g,3.22 g,6.93 g,101.0
Light Caesar Salad Kit,100 g,2 g,8 g,6 g,90.0
Egg White Salad with Chives,100 g,7 g,2 g,3 g,60.0
Taco Salad,100 g,6.68 g,11.91 g,7.46 g,141.0
"Taco or Tostada Salad with Beef, Beans and Cheese in Fried Flour Tortilla",1 cup,9.53 g,14.7 g,13.12 g,212.0
Caesar Salad without Croutons,100 g,3 g,4 g,10 g,120.0
Reduced Fat Greek Salad,100 g,7 g,9 g,3 g,140.0
Tuna Salad with Egg,100 g,13.71 g,6.26 g,12.93 g,196.0
Tuna Salad with Cheese,100 g,14.44 g,6.87 g,14.72 g,217.0
"Chicken or Turkey Garden Salad (Chicken and/or Turkey, Other Vegetables Excluding Tomato and Carrots)",100 g,12.31 g,1.93 g,1.45 g,72.0
Egg Salad,100 g,9.2 g,1.93 g,30.26 g,318.0
Chicken Caesar Salad,100 g,8 g,5 g,11 g,150.0
German Style Potato Salad,100 g,2.52 g,16.66 g,1.24 g,88.0
Lettuce Salad with Assorted Vegetables (Including Tomatoes and/or Carrots),100 g,0.87 g,3.8 g,0.17 g,17.0
Potato Salad Side Dish,100 g,1.53 g,13.53 g,6.03 g,114.0
Mixed Salad Greens,100 g,1.52 g,3.2 g,0.24 g,17.0
Greek Salad (Small),100 g,3 g,9 g,32 g,340.0
Macaroni or Pasta Salad with Chicken,100 g,10.11 g,15 g,13.34 g,221.0
Taco Salad with Chili Con Carne,100 g,6.67 g,10.18 g,5.03 g,111.0
Eggless Egg Salad,100 g,7 g,4 g,8 g,110.0
Cabbage Salad or Coleslaw with Pineapple with Dressing,100 g,1.01 g,10.37 g,11.76 g,146.0
Broccoli Coleslaw,100 g,2 g,5 g,0 g,25.0
Macaroni ,100 g,7.07 g,19.49 g,9.14 g,189.0
Pasta Salad,100 g,3.76 g,22.98 g,10.63 g,202.0
"Oriental Chicken or Turkey Garden Salad (Chicken and/or Turkey, Lettuce, Fruit, Nuts)",100 g,10.83 g,5.66 g,5.29 g,113.0
Old Fashioned Potato Salad,100 g,2 g,23 g,8 g,170.0
Lettuce Salad with Assorted Vegetables,100 g,0.74 g,3.14 g,0.15 g,15.0
Spaghetti,100 g,5.76 g,30.68 g,0.92 g,157.0
"Brown Rice (Long-Grain, Cooked)",100 g,2.58 g,22.96 g,0.9 g,111.0
Tri-Colored Couscous,100 g,7 g,43 g,0 g,210.0
Cheese Filled Ravioli,100 g,8.49 g,20.22 g,6.7 g,178.0
Organic Whole Wheat Couscous,100 g,6 g,35 g,1 g,160.0
Wild Rice (Cooked),100 g,3.99 g,21.34 g,0.34 g,101.0
Pasta with Meat Sauce,100 g,7.93 g,13.07 g,5.12 g,129.0
Meatless Cheese Filled Tortellini with Tomato Sauce,100 g,5.52 g,15.29 g,5.5 g,133.0
Pork Fried Rice,100 g,6.03 g,21.18 g,6.5 g,169.0
Mushroom Risotto,100 g,9 g,82 g,8 g,430.0
"Egg Noodles (Enriched, Cooked)",100 g,4.54 g,25.16 g,2.07 g,138.0
Ravioli with Tomato Sauce,100 g,7.25 g,14.67 g,5.97 g,142.0
Noodles,100 g,4.51 g,25.01 g,2.06 g,137.0
Lasagna with Chicken or Turkey,100 g,10.14 g,17.2 g,5.55 g,160.0
Meat Filled Tortellini with Tomato Sauce,100 g,6.72 g,16.05 g,5.07 g,137.0
Whole Wheat Spaghetti,100 g,5.3 g,26.38 g,0.54 g,123.0
Dry Couscous,100 g,12.76 g,77.43 g,0.64 g,376.0
Valenciana Style Paella with Meat (Paella Valenciana),100 g,19.4 g,15.49 g,15.9 g,287.0
Cheese Filled Tortellini with Cream Sauce,100 g,6.46 g,15.56 g,7.42 g,156.0
Macaroni or Noodles with Cheese (Dry Mix),100 g,6.25 g,25.74 g,10.06 g,219.0
New Orleans Style Reduced Sodium Jambalaya,100 g,4 g,34 g,0.5 g,160.0
Meatless Spaghetti with Tomato Sauce,100 g,3.98 g,21.62 g,1.61 g,118.0
"White Rice (Long-Grain, Cooked)",100 g,2.69 g,28.17 g,0.28 g,130.0
Puerto Rican Style Seafood Paella (Paella A La Marinera),100 g,15.84 g,9.35 g,4.45 g,144.0
New Orleans Style Jambalaya Rice,100 g,3 g,29 g,5 g,180.0
White Rice,100 g,2.66 g,27.9 g,0.28 g,129.0
Spaghetti with Tomato Sauce and Vegetables,100 g,3.56 g,18.48 g,1.58 g,101.0
Brown and Wild Rice,100 g,2.35 g,20.05 g,2.61 g,113.0
Jambalaya with Meat and Rice,100 g,10.7 g,9.31 g,8.69 g,161.0
Seafood Paella,100 g,77 g,71 g,36 g,920.0
Macaroni or Noodles with Cheese,100 g,7.94 g,21.46 g,9.4 g,203.0
Meatless Pasta with Tomato Sauce,100 g,3.05 g,16.76 g,0.47 g,83.0
Meat Filled Tortellini,100 g,12.64 g,17.36 g,7.65 g,193.0
Chicken Fried Rice,100 g,6.29 g,21.12 g,6.04 g,166.0
White and Wild Rice,100 g,2.17 g,20.64 g,2.12 g,112.0
"Brown Rice (Medium-Grain, Cooked)",100 g,2.32 g,23.51 g,0.83 g,112.0
Macaroni and Cheese (Diet Frozen Meal),100 g,6.19 g,17.01 g,3.94 g,130.0
Macaroni or Noodles with Cheese (Boxed Mix with Cheese Sauce),100 g,7.04 g,25.02 g,5.34 g,178.0
Butternut Squash Risotto,100 g,4 g,31 g,1 g,143.0
Gnocchi Alla Sorrentina,100 g,8 g,39 g,3 g,220.0
Cheese Filled Ravioli with Meat Sauce,100 g,7.02 g,14.02 g,6.37 g,142.0
Whole Grain Brown Rice Mix Multigrain Pilaf,100 g,5 g,42 g,4.5 g,230.0
Macaroni,100 g,5.76 g,30.68 g,0.92 g,157.0
Paella,100 g,9.52 g,16.68 g,5.44 g,158.0
Lasagna with Meat and Spinach,100 g,9.43 g,16.16 g,5.57 g,152.0
Meat Filled Ravioli,100 g,12.58 g,17.36 g,7.43 g,191.0
Instant White Rice,100 g,2.16 g,24.87 g,0.5 g,116.0
Asparagus Risotto,100 g,4 g,24 g,4.5 g,150.0
Macaroni and Cheese Entree (Canned),100 g,3.38 g,11.52 g,2.46 g,82.0
Brown Rice,100 g,2.56 g,22.78 g,0.89 g,110.0
Cheese Gnocchi,100 g,9.32 g,8.58 g,11.83 g,179.0
Rice Pilaf,100 g,2.07 g,21.57 g,3.24 g,125.0
Mediterranean Curry Couscous Mix,100 g,7 g,40 g,4 g,220.0
Meatless Lasagna,100 g,7.76 g,19.18 g,4.45 g,147.0
Spinach Macaroni,100 g,4.86 g,27.24 g,0.57 g,135.0
Rice Noodles (Cooked),100 g,0.91 g,24.9 g,0.2 g,109.0
Fried Rice,100 g,6.3 g,21.06 g,6.23 g,168.0
Spaghetti with Tomato Sauce and Meatballs,100 g,7.22 g,18.62 g,5.4 g,153.0
Corn Grits Polenta,100 g,3 g,27 g,0.5 g,140.0
Shrimp Fried Rice,100 g,5.53 g,21.15 g,5.86 g,162.0
Lasagna with Meat,100 g,9.96 g,17.2 g,6.01 g,163.0
Cheese Filled Tortellini,100 g,10.38 g,36.15 g,5.56 g,236.0
Ravioli (No Sauce),100 g,10.79 g,19.04 g,7.18 g,188.0
Vegetable Macaroni,100 g,4.52 g,26.55 g,0.11 g,128.0
Organic Mushroom & Onion Polenta,100 g,2 g,19 g,0 g,90.0
Whole Wheat Macaroni,100 g,5.3 g,26.38 g,0.54 g,123.0
Potato Gnocchi,100 g,2.36 g,17.04 g,6.24 g,133.0
Italian Classics Mini Gnocchi with Potato,100 g,5 g,60 g,0 g,260.0
Arugula Lettuce,100 g,2.58 g,3.65 g,0.66 g,25.0
Low Sodium Carrots (Canned),100 g,0.58 g,5.31 g,1.61 g,36.0
"Potatoes (Flesh, with Salt, Boiled)",100 g,1.87 g,20.13 g,0.1 g,87.0
Hawaii Mountain Yam,100 g,1.34 g,16.31 g,0.1 g,67.0
Brussels Sprouts,100 g,3.38 g,8.95 g,0.3 g,43.0
Lettuce,100 g,0.9 g,2.97 g,0.14 g,14.0
Brussels Sprouts (Frozen),100 g,3.78 g,7.86 g,0.41 g,41.0
Baked Potato Stuffed with Bacon and Cheese (Peel Eaten),100 g,5.57 g,18.27 g,6.44 g,151.0
Green Peas,100 g,5.42 g,14.46 g,0.4 g,81.0
Mixed Vegetables (Frozen),100 g,3.33 g,13.46 g,0.52 g,64.0
Sweet Cucumber Pickle,100 g,0.37 g,31.81 g,0.26 g,117.0
Mashed Potatoes (Whole Milk and Butter Added),100 g,1.87 g,16.77 g,4.22 g,113.0
Bell Peppers,100 g,0.99 g,6.03 g,0.3 g,26.0
Sweet Baby Supremes Baby Cut Carrots,100 g,1 g,8 g,0 g,35.0
Creamed Parsnips,100 g,2.43 g,13.48 g,4.88 g,104.0
Pickles,100 g,0.62 g,4.12 g,0.19 g,18.0
"Succotash (Corn and Limas) (Cream Style, Canned)",100 g,2.64 g,17.61 g,0.54 g,77.0
Okra (Frozen),100 g,1.69 g,6.63 g,0.25 g,30.0
Snow or Sugar Snap Peas,100 g,2.8 g,7.55 g,0.2 g,42.0
Peeled Baby-cut Carrots,100 g,1 g,7 g,0 g,30.0
Minced Garlic,100 g,0 g,1 g,0 g,5.0
Jalapeno Peppers,100 g,1.35 g,5.91 g,0.62 g,30.0
Cooked Okra (Canned),100 g,1.81 g,4.44 g,2.4 g,41.0
Black Olives,100 g,0.88 g,6.06 g,9.54 g,105.0
"Cooked Lima and Corn Beans (Succotash, Fat Added in Cooking)",100 g,4.18 g,19.38 g,2.97 g,109.0
"Soybeans (Mature Seeds, Steamed, Cooked)",100 g,8.47 g,6.53 g,4.45 g,81.0
"Zucchini (with Salt, Drained, Cooked, Boiled)",100 g,0.64 g,3.93 g,0.05 g,16.0
Cooked Summer Squash,100 g,0.89 g,4.22 g,2.29 g,37.0
"Succotash (Corn and Limas) (Solids and Liquids, Whole Kernel Corn, Canned)",100 g,2.6 g,13.98 g,0.49 g,63.0
"Yellow Sweet Corn (Kernels On Cob, Without Salt, Frozen, Drained, Cooked, Boiled)",100 g,3.11 g,22.33 g,0.74 g,93.0
Cooked Soybeans (Fat Not Added in Cooking),100 g,16.54 g,9.87 g,8.92 g,172.0
Chinese Cherry Tomatoes,100 g,1.12 g,4.8 g,0.2 g,22.0
Succotash,100 g,4.29 g,19.84 g,0.88 g,92.0
Cooked Celery,100 g,0.81 g,3.93 g,2.54 g,39.0
Cooked Asparagus (from Fresh),100 g,2.33 g,4.03 g,2.21 g,39.0
Cherry Tomatoes,100 g,1 g,7 g,0 g,30.0
Savoy Cabbage,100 g,2 g,6.1 g,0.1 g,27.0
Broccoli,100 g,2.82 g,6.64 g,0.37 g,34.0
"Beets (Solids and Liquids, Canned)",100 g,0.73 g,7.14 g,0.09 g,30.0
Mashed Potato (from Dry),100 g,2.02 g,12.22 g,5.56 g,105.0
Cooked Artichoke (from Fresh),100 g,3.37 g,10.87 g,2.29 g,67.0
"Sweet Potato (Without Salt, Baked In Skin, Cooked)",100 g,2.01 g,20.71 g,0.15 g,90.0
Pickled Celery,100 g,0.61 g,2.69 g,0.15 g,14.0
Fried Batter Dipped Eggplant,100 g,2.4 g,11.58 g,10.75 g,148.0
Red Onions,100 g,0.92 g,10.11 g,0.08 g,42.0
Cooked Turnip (from Frozen),100 g,1.48 g,4.25 g,2.52 g,43.0
Low Sodium Green Peas (Canned),100 g,3.13 g,9.6 g,1.77 g,65.0
Jerusalem Artichokes,100 g,2 g,17.44 g,0.01 g,76.0
Corn On The Cob with Butter,100 g,3.06 g,21.88 g,2.35 g,106.0
"Parsnips (Without Salt, Drained, Cooked, Boiled)",100 g,1.32 g,17.01 g,0.3 g,71.0
Chinese Broccoli (Cooked),100 g,1.14 g,3.81 g,0.72 g,22.0
Radishes,100 g,0.68 g,3.4 g,0.1 g,16.0
Cooked Japanese Radish (Daikon) (Fat Not Added in Cooking),100 g,0.63 g,4.34 g,0.11 g,19.0
Carrots,100 g,0.93 g,9.58 g,0.24 g,41.0
Cooked Turnip (from Fresh),100 g,0.69 g,4.94 g,2.37 g,42.0
"Pickled Beets (Solids and Liquids, Canned)",100 g,0.8 g,16.28 g,0.08 g,65.0
"Mixed Vegetables (Drained Solids, Canned)",100 g,2.59 g,9.26 g,0.25 g,49.0
"Leeks (Bulb and Lower Leaf-Portion) (Without Salt, Drained, Cooked, Boiled)",100 g,0.81 g,7.62 g,0.2 g,31.0
Beets,100 g,1.61 g,9.56 g,0.17 g,43.0
Oriental Radishes,100 g,0.6 g,4.1 g,0.1 g,18.0
"White Sweet Corn (Kernels On Cob, with Salt, Frozen, Drained, Cooked, Boiled)",100 g,3.11 g,22.33 g,0.74 g,94.0
Spinach,100 g,2.86 g,3.63 g,0.39 g,23.0
Mushrooms,100 g,3.09 g,3.28 g,0.34 g,22.0
Soybeans (Mature Seeds),100 g,36.49 g,30.16 g,19.94 g,416.0
Tomatoes,100 g,0.88 g,3.92 g,0.2 g,18.0
"Hawaii Mountain Yam (with Salt, Steamed, Cooked)",100 g,1.73 g,19.99 g,0.08 g,82.0
"White Sweet Corn (Kernels On Cob, Without Salt, Frozen, Drained, Cooked, Boiled)",100 g,3.11 g,22.33 g,0.74 g,94.0
"Mixed Vegetables (Corn, Lima Beans, Peas, Green Beans, Carrots) (No Salt Added, Canned)",100 g,1.4 g,7.31 g,0.2 g,37.0
Kale (Frozen),100 g,2.66 g,4.9 g,0.46 g,28.0
Baby Corn,100 g,2.62 g,18.59 g,1 g,81.0
Cooked Cauliflower (Fat Not Added in Cooking),100 g,1.75 g,3.96 g,0.37 g,22.0
Cucumber (Peeled),100 g,0.59 g,2.16 g,0.16 g,12.0
Scallions or Spring Onions,100 g,1.83 g,7.34 g,0.19 g,32.0
Olives,100 g,0.92 g,5.4 g,11.27 g,117.0
Pumpkin,100 g,1 g,6.5 g,0.1 g,26.0
Sweet Potato (Frozen),100 g,1.71 g,22.22 g,0.18 g,96.0
Zucchini,100 g,1.21 g,3.35 g,0.18 g,16.0
Crushed Tomatoes (Canned),100 g,1.64 g,7.29 g,0.28 g,32.0
Chinese Cabbage,100 g,1.5 g,2.18 g,0.2 g,13.0
Asparagus,100 g,2.2 g,3.88 g,0.12 g,20.0
Cooked Eggplant,100 g,0.79 g,8.31 g,3.85 g,65.0
"Cooked Cauliflower (from Frozen, Fat Not Added in Cooking)",100 g,1.6 g,3.73 g,0.22 g,19.0
"White Potatoes (Flesh and Skin, Baked)",100 g,2.1 g,21.08 g,0.15 g,94.0
Oyster Mushroom,100 g,3.34 g,6.43 g,0.44 g,35.0
Cherub Tomatoes,100 g,1 g,10 g,1 g,50.0
Green Peppers,100 g,0.86 g,4.64 g,0.17 g,20.0
Dill Cucumber Pickles,100 g,0.62 g,4.12 g,0.19 g,18.0
"Jalapeno Peppers (Solids and Liquids, Canned)",100 g,0.92 g,4.74 g,0.94 g,27.0
"Mixed Vegetables (Solids and Liquids, Canned)",100 g,1.42 g,7.12 g,0.25 g,36.0
Cooked Broccoli (Fat Not Added in Cooking),100 g,2.37 g,7.14 g,0.41 g,35.0
Sweet Red Peppers,100 g,0.99 g,6.03 g,0.3 g,26.0
Hawaiian Style Pickled Radishes,100 g,1.1 g,5.2 g,0.3 g,28.0
"Yam (with Salt, Drained, Cooked, Boiled)",100 g,1.49 g,27.58 g,0.14 g,116.0
Cooked Brussels Sprouts,100 g,2.47 g,6.91 g,2.77 g,55.0
Yellow Sweet Corn,100 g,3.22 g,19.02 g,1.18 g,86.0
Cooked Turnip (Canned),100 g,0.69 g,4.94 g,2.37 g,42.0
Minced Garlic,100 g,6.33 g,33 g,0.67 g,133.0
Cooked Kale (from Fresh),100 g,1.83 g,5.47 g,3.12 g,51.0
Yellow Sweet Peppers,100 g,1 g,6.32 g,0.21 g,27.0
Green Hot Chili Peppers,100 g,2 g,9.46 g,0.2 g,40.0
White Icicle Radishes,100 g,1.1 g,2.63 g,0.1 g,14.0
"Soybeans (Mature Seeds, with Salt, Cooked, Boiled)",100 g,16.64 g,9.93 g,8.97 g,173.0
Baby Brussels Sprouts & Butter Sauce,100 g,3 g,8 g,1.5 g,50.0
Baby-Cut Carrots Mini Bags,100 g,1 g,6 g,0 g,25.0
Baked Potato Stuffed with Sour Cream (Peel Eaten),100 g,2.6 g,16.57 g,6.78 g,134.0
Baby Spinach,100 g,2.86 g,3.63 g,0.39 g,23.0
Baby Zucchini,100 g,2.71 g,3.11 g,0.4 g,21.0
Artichoke Hearts in Oil,100 g,3.19 g,10.26 g,8.4 g,119.0
Cabbage,100 g,1.44 g,5.58 g,0.12 g,24.0
Butternut Winter Squash,100 g,1 g,11.69 g,0.1 g,45.0
Garlic Powder,100 g,16.8 g,72.71 g,0.76 g,332.0
Cauliflower (Frozen),100 g,2.01 g,4.68 g,0.27 g,24.0
Green Peas (Frozen),100 g,5.21 g,13.71 g,0.37 g,77.0
Leeks,100 g,1.5 g,14.15 g,0.3 g,61.0
Baked Potato Stuffed with Cheese (Peel Eaten),100 g,4.61 g,18.79 g,5.36 g,139.0
"Green Peas (Drained Solids, Canned)",100 g,4.42 g,12.58 g,0.35 g,69.0
"Yam (Without Salt, Drained, Cooked, Boiled, Baked)",100 g,1.49 g,27.58 g,0.14 g,116.0
Garlic,100 g,6.36 g,33.06 g,0.5 g,149.0
"Leeks (Bulb and Lower Leaf-Portion) (with Salt, Drained, Cooked, Boiled)",100 g,0.81 g,7.62 g,0.2 g,31.0
Pickled Eggplant,100 g,0.9 g,9.77 g,0.7 g,49.0
Okra,100 g,2 g,7.03 g,0.1 g,31.0
Spaghetti Winter Squash,100 g,0.64 g,6.91 g,0.57 g,31.0
Turnips,100 g,0.9 g,6.43 g,0.1 g,28.0
Cooked Beets (from Fresh),100 g,1.63 g,9.69 g,2.28 g,61.0
Acorn Winter Squash,100 g,0.8 g,10.42 g,0.1 g,40.0
Dill Cucumber Pickles (Low Sodium),100 g,0.62 g,4.13 g,0.19 g,18.0
Red Cabbage,100 g,1.43 g,7.37 g,0.16 g,31.0
Sour Cucumber Pickle,100 g,0.33 g,2.26 g,0.2 g,11.0
"Yellow Sweet Corn (Kernels On Cob, with Salt, Frozen, Drained, Cooked, Boiled)",100 g,3.11 g,22.33 g,0.74 g,93.0
Young Green Onions,100 g,1.83 g,7.34 g,0.19 g,32.0
Broccoli Raab,100 g,3.17 g,2.85 g,0.49 g,22.0
"Pumpkin (with Salt, Canned)",100 g,1.1 g,8.09 g,0.28 g,34.0
Green Leaf Lettuce,100 g,1.36 g,2.79 g,0.15 g,15.0
Roasted Potato,100 g,2.32 g,20.06 g,7 g,149.0
Cooked Pumpkin,100 g,1.08 g,7.94 g,1.75 g,46.0
Artichokes (Globe or French),100 g,3.27 g,10.51 g,0.15 g,47.0
Mashed Potato (from Fresh),100 g,2.11 g,13.22 g,6.96 g,122.0
Cooked Pumpkin (from Canned),100 g,1.08 g,7.94 g,1.75 g,46.0
Mashed Potatoes (Whole Milk Added),100 g,1.92 g,17.53 g,0.57 g,83.0
Cherry Tomatoes,100 g,0.88 g,3.92 g,0.2 g,18.0
Cauliflower,100 g,1.98 g,5.3 g,0.1 g,25.0
Cooked Leek,100 g,1.51 g,14.24 g,4 g,94.0
Cooked Okra,100 g,1.92 g,5.08 g,2.32 g,43.0
Baked Potato (Peel Eaten),100 g,2.43 g,20.53 g,2.2 g,109.0
Baked Potato (Peel Not Eaten),100 g,1.95 g,21.39 g,0.1 g,92.0
"Mushrooms (Drained Solids, Canned)",100 g,1.87 g,5.09 g,0.29 g,25.0
Italian Cherry Tomatoes,100 g,1 g,6 g,0 g,30.0
Mature Red Chili Hot Peppers (Canned),100 g,0.9 g,3.9 g,0.6 g,21.0
Cooked Green Peas (Canned),100 g,4.31 g,12.29 g,2.46 g,86.0
Yellow Summer Squash,100 g,1.21 g,3.35 g,0.18 g,16.0
Cooked Spinach (from Fresh),100 g,2.88 g,3.68 g,2.25 g,40.0
Sweet Onions,100 g,0.8 g,7.55 g,0.08 g,32.0
Cooked Kale (from Canned),100 g,1.83 g,5.47 g,3.12 g,51.0
Stuffed Green Olives,100 g,1.04 g,4.02 g,13.22 g,128.0
Green Cabbage,100 g,1.44 g,5.58 g,0.12 g,24.0
Zucchini (Frozen),100 g,1.16 g,3.59 g,0.13 g,17.0
"Yellow Sweet Corn (Whole Kernel, Drained Solids, Canned)",100 g,2.62 g,18.59 g,1 g,81.0
Eggplant,100 g,1.01 g,5.7 g,0.19 g,24.0
Green Chili Peppers (Canned),100 g,0.72 g,4.6 g,0.27 g,21.0
Onions,100 g,0.92 g,10.11 g,0.08 g,42.0
"Sweet Potato (Without Skin, Cooked, Boiled)",100 g,1.37 g,17.72 g,0.14 g,76.0
"Cooked Cauliflower (from Fresh, Fat Not Added in Cooking)",100 g,1.83 g,4.08 g,0.45 g,23.0
Lettuce,100 g,1.23 g,3.28 g,0.3 g,17.0
"Sweet Potato (Mashed, Canned)",100 g,1.98 g,23.19 g,0.2 g,101.0
Spinach ,100 g,3.94 g,4.33 g,0.75 g,31.0
Cooked Turnip,100 g,0.69 g,4.94 g,2.37 g,42.0
Carrots,100 g,0.64 g,8.24 g,0.13 g,35.0
Cooked Mixed Vegetables,100 g,2.78 g,12.74 g,2.12 g,81.0
 Mushrooms,100 g,2.5 g,5.07 g,0.2 g,26.0
Mashed Potato,100 g,1.8 g,15.72 g,3.54 g,100.0
"Asparagus (Drained Solids, Canned)",100 g,2.14 g,2.46 g,0.65 g,19.0
Cucumber ,100 g,0.65 g,3.63 g,0.11 g,15.0
Fried Okra,100 g,2.58 g,14.26 g,14.06 g,188.0
Green Olives,100 g,1.03 g,3.84 g,15.32 g,145.0
"Spinach (Drained Solids, Canned)",100 g,2.81 g,3.4 g,0.5 g,23.0
Sweet Potato,100 g,1.57 g,20.12 g,0.05 g,86.0
Red Tomatoes,100 g,0.88 g,3.92 g,0.2 g,18.0
Baked  Trout,100 g,24.37 g,0.41 g,9.16 g,188.0
Grilled Fish,100 g,22.6 g,0.28 g,1.18 g,109.0
Fish,100 g,17.76 g,0 g,0.92 g,84.0
Snapper,100 g,44.7 g,0 g,2.9 g,218.0
Pacific Red Snapper Fillet,100 g,21 g,0 g,2 g,110.0
Smoked Trout,100 g,37.04 g,0 g,11.79 g,264.0
Pink Salmon,100 g,19.94 g,0 g,3.45 g,116.0
Lobster,100 g,20.33 g,1.27 g,0.58 g,97.0
Shrimp,100 g,27.59 g,1.24 g,2.35 g,144.0
Chicken Soup,100 g,1.68 g,3.88 g,1.02 g,31.0
Tomato Soup,100 g,1.25 g,7.35 g,1.2 g,42.0
Vegetable Soup ,100 g,1.72 g,9.78 g,1.58 g,59.0
Chicken Rice Soup,100 g,1.47 g,2.97 g,0.79 g,25.0
Beef Stock,100 g,0.35 g,0.33 g,0.08 g,3.0
Fish Broth,100 g,2 g,0.4 g,0.6 g,16.0
Chicken Chili,100 g,7.76 g,7.75 g,3.15 g,89.0
Beef Noodle Soup,100 g,1.98 g,3.68 g,1.26 g,34.0
Chicken Noodle Soup,100 g,1.32 g,3.07 g,0.99 g,27.0
Low Fat Milk,100 g,3.37 g,4.99 g,0.97 g,42.0
Sour Cream,100 g,3.16 g,4.27 g,20.96 g,214.0
Butter,100 g,0.85 g,0.06 g,81.11 g,717.0
Cream Cheese,100 g,7.55 g,2.66 g,34.87 g,349.0
Whole Milk,100 g,3.22 g,4.52 g,3.25 g,60.0
Mozzarella Cheese,100 g,25.96 g,3.83 g,20.03 g,302.0
Margarine,100 g,0.6 g,0 g,59.17 g,526.0
Light Cream,100 g,2.7 g,3.66 g,19.31 g,195.0
Lowfat Plain Yogurt,100 g,5.25 g,7.04 g,1.55 g,63.0
Buttermilk ,100 g,4.1 g,5.3 g,2 g,56.0
Milk,100 g,3.29 g,4.71 g,2 g,50.0
Heavy Cream,100 g,2.05 g,2.79 g,37 g,345.0
Low Fat Half & Half,100 g,1 g,1 g,1.5 g,25.0
Vanilla Yogurt (Lowfat),100 g,4.93 g,13.8 g,1.25 g,85.0
Cheddar Cheese,100 g,24.9 g,1.28 g,33.14 g,403.0
Cheddar or Colby Cheese (Low Sodium),100 g,24.35 g,1.91 g,32.62 g,398.0
Swiss Cheese (Low Fat),100 g,28.4 g,3.4 g,5.1 g,179.0
Syrup,100 g,0 g,66.86 g,0.04 g,259.0
Tahini Sesame Butter Seeds,100 g,17.4 g,21.5 g,53.01 g,592.0
Traditional Hummus,100 g,2 g,3 g,6 g,70.0
Honey,100 g,0.3 g,82.4 g,0 g,304.0
Brown Sugar,100 g,0 g,97.33 g,0 g,377.0
Oil and Vinegar Salad Dressing (Home Recipe),100 g,0 g,2.5 g,50.1 g,449.0
Honey,100 g,0 g,17 g,0 g,60.0
White Sugar ,100 g,0 g,99.98 g,0 g,387.0
Mayonnaise (Low Calorie),100 g,0.9 g,23.9 g,19 g,263.0
Extra Virgin Olive Oil,100 g,0 g,0 g,14 g,120.0
Chutney,100 g,1.33 g,36.85 g,0.29 g,149.0
Teriyaki Sauce,100 g,5.93 g,15.95 g,0 g,84.0
Hummus,100 g,4.86 g,20.12 g,8.59 g,177.0
Sunflower Oil,100 g,0 g,0 g,100 g,884.0
Smooth Peanut Butter (with Salt),100 g,25.09 g,19.56 g,50.39 g,588.0
Sesame Paste (Sesame Butter Made From Whole Seeds),100 g,17 g,21.19 g,53.76 g,595.0
Maple and Corn and/or Cane Pancake Syrup Blends,100 g,0 g,69.6 g,0.1 g,265.0
Bacon Ranch Salad Dressing,100 g,1 g,2 g,11 g,100.0
Garlic Pepper,100 g,0 g,0 g,0 g,0.0
Sea Salt,100 g,0 g,0 g,0 g,0.0
Peanut Butter,100 g,25.09 g,19.56 g,50.39 g,588.0
Teriyaki Sesame Ginger Barbeque Sauce,100 g,0 g,12 g,0 g,50.0
Chocolate Syrup,100 g,2.1 g,65.1 g,1.13 g,279.0
Equal Sweeteners (Aspartame) Packets,100 g,2.17 g,89.08 g,0 g,365.0
"Fructose Sweetener (Sugar Substitute, Dry Powder)",100 g,0 g,100 g,0 g,368.0
Soy Sauce (Shoyu),100 g,6.28 g,7.61 g,0.04 g,53.0
Spaghetti Sauce with Vegetables (Homemade-Style),100 g,1.55 g,7.39 g,2.17 g,49.0
Major Grey's Chutney,100 g,0 g,14 g,0 g,60.0
Hamburger Pickle Relish,100 g,0.63 g,34.48 g,0.54 g,129.0
Low Sodium Barbecue Sauce,100 g,1.8 g,12.8 g,1.8 g,75.0
Turkey Gravy (Canned),100 g,2.6 g,5.1 g,2.1 g,51.0
Roasted Red Pepper Hummus,100 g,2 g,5 g,4 g,60.0
Apple Cranberry Chutney,100 g,0 g,8 g,0 g,30.0
Ketchup (Low Sodium),100 g,1.74 g,27.86 g,0.38 g,107.0
Homemade-Style Spaghetti Sauce with Meat and Vegetables,100 g,8.2 g,5.64 g,6.38 g,110.0
Chunky Peanut Butter (with Salt),100 g,24.06 g,21.57 g,49.94 g,589.0
Red Salsa,100 g,0.68 g,3.83 g,0.14 g,17.0
Pancake Syrup,100 g,0 g,61.47 g,0 g,234.0
Horseradish Mustard,100 g,3.95 g,7.78 g,3.11 g,66.0
Italian Salad Dressing (Fat Free),100 g,0.97 g,8.75 g,0.87 g,47.0
"Tomato Chili Sauce (with Salt, Bottled)",100 g,2.5 g,19.79 g,0.3 g,104.0
Thick Crust Cheese Pizza,100 g,12.07 g,31.65 g,10.55 g,270.0
Deep Fried Potato French Fries (from Frozen),100 g,3.76 g,37.53 g,17.03 g,319.0
Hash Brown (from Frozen),100 g,3.14 g,27.93 g,11.43 g,217.0
Frankfurter or Hot Dog with Catsup and/or Mustard on Bun,100 g,9.75 g,21.76 g,15.8 g,270.0
"Meatless Taco or Tostada with Beans and Cheese, Lettuce, Tomato and Salsa",100 g,6.01 g,18.66 g,7.76 g,164.0
Enchilada with Beef,100 g,10.02 g,17.99 g,8.7 g,187.0
French Bread Pizza Sausage & Pepperoni,100 g,17 g,43 g,24 g,460.0
Pizza with Meat and Vegetables,100 g,10.16 g,27.42 g,11.68 g,256.0
Meatless Calzone with Cheese,100 g,18.75 g,27.59 g,21.95 g,385.0
Supreme Calzone,100 g,10 g,33 g,12 g,280.0
"Curry Sauce (Dry, Dehydrated)",100 g,9.38 g,50.62 g,23.1 g,427.0
Burrito with Beef (No Beans),100 g,18.92 g,23.73 g,14.04 g,303.0
French Fries,100 g,6 g,53 g,21 g,420.0
Chicken Curry,100 g,11.47 g,4.74 g,6.67 g,124.0
Hamburger on Bun,100 g,15.71 g,28.83 g,11.8 g,290.0
"Enchilada with Beef, Beans and Cheese",100 g,7.92 g,17.97 g,8.91 g,179.0
Pizza with Meat,100 g,12.09 g,31.45 g,13.8 g,301.0
Meatless Soyburger with Cheese on Bun,100 g,13.7 g,24.57 g,6.93 g,215.0
"Fajita Style Chicken Sandwich with Cheese, Lettuce and Tomato on Pita Bread",100 g,10.5 g,13.59 g,5.9 g,150.0
Hash Brown (from Fresh),100 g,2.98 g,34.9 g,12.44 g,263.0
"Pepperoni Pizza (Frozen, Cooked)",100 g,11.21 g,28.51 g,15.2 g,296.0
Quesadilla with Poultry and Cheese,100 g,17.15 g,20.14 g,17.14 g,306.0
"Breaded Chicken Patty, Fillet or Tenders",100 g,15.59 g,16.32 g,18.82 g,297.0
Hash Browns,100 g,1 g,24 g,8 g,180.0
Baked or Fried Batter Dipped Onion Rings (from Frozen),100 g,7.08 g,31.39 g,19.73 g,331.0
Soy Burger,100 g,17.91 g,13.4 g,5.97 g,179.0
Onion Rings,100 g,9 g,66 g,30 g,560.0
Spinach Ricotta Calzone,100 g,23 g,45 g,20 g,450.0
Thin Crust Cheese Pizza,100 g,12.5 g,29.45 g,12.53 g,281.0
Hamburger with Tomato and/or Catsup on Bun,100 g,13.4 g,30.75 g,9.61 g,265.0
Nachos with Chicken or Turkey and Cheese,100 g,23.21 g,12.07 g,15.94 g,286.0
Meatless Vegetable Burger or Patty,100 g,17.91 g,13.4 g,5.97 g,179.0
Beef Curry,100 g,11.69 g,5.8 g,12.96 g,184.0
"Tostada with Beans, Beef and Cheese",100 g,7.15 g,13.18 g,7.53 g,148.0
"Nachos with Beef, Beans and Cheese",100 g,14.3 g,18.57 g,16.18 g,275.0
"Taco or Tostada with Beef, Cheese and Lettuce",100 g,13.95 g,20.77 g,16.22 g,283.0
"Taco or Tostada with Beef, Lettuce, Tomato and Salsa",100 g,10.29 g,14.43 g,10.22 g,189.0
Frozen Chicken Nuggets,100 g,10 g,12 g,10 g,180.0
Veggie Burgers,100 g,15.7 g,14.27 g,6.3 g,177.0
Plain Cheeseburger on Bun,100 g,16.12 g,26.04 g,13.61 g,296.0
Chicken Nuggets,100 g,15.59 g,16.32 g,18.82 g,297.0
Beef Frankfurter or Hot Dog,100 g,11.96 g,4.32 g,30.39 g,341.0
"14"" Pepperoni Pizza (Thick Crust)",100 g,12.43 g,30.4 g,12.49 g,284.0
Cheeseburger,100 g,14.48 g,31.13 g,14.85 g,313.0
Burrito with Beef and Beans,100 g,11.85 g,24.42 g,9.23 g,230.0
Chicken Fajitas (Diet Frozen Meal),100 g,8.86 g,15.85 g,2.6 g,122.0
"Bacon Cheeseburger with 1/4 Lb Meat, Mayonnaise or Salad Dressing and Tomatoes on Bun",100 g,15.27 g,14.44 g,15.7 g,262.0
Meatless Enchilada with Cheese,100 g,9.74 g,16.04 g,13.64 g,221.0
"Taco or Tostada with Beans, Cheese, Meat, Lettuce, Tomato and Salsa",100 g,8.12 g,12.54 g,7.85 g,151.0
Cheese Pizza,100 g,12.33 g,30.33 g,11.74 g,276.0
Hamburger with 1/4 Lb Meat on Bun,100 g,18.25 g,20.33 g,14.86 g,294.0
Hamburger (Single Patty),100 g,13.69 g,33.9 g,13.13 g,305.0
Fat Free Frankfurter or Hot Dog,100 g,12.5 g,11.21 g,1.59 g,109.0
Burrito with Beef and Cheese,100 g,17.73 g,26.76 g,16.6 g,332.0
Artichoke & Cheese Calzone,100 g,17 g,40 g,16 g,380.0
Baked or Fried Batter Dipped Onion Rings,100 g,6.76 g,31.98 g,19.39 g,329.0
Potato French Fries,100 g,3.48 g,35.66 g,14.06 g,274.0
Quesadilla with Meat and Cheese,100 g,17.25 g,20.14 g,19.12 g,324.0
"Taco or Tostada with Beef, Cheese, Lettuce, Tomato and Salsa",100 g,9.67 g,10.96 g,10.25 g,173.0
Cheeseburger with Bacon and Condiments,100 g,16.41 g,19.04 g,18.85 g,312.0
Enchilada with Chicken and Cheese in Tomato- Based Sauce,100 g,10.76 g,15.34 g,9.51 g,186.0
Simple Pepperoni Hand-tossed Pizza,100 g,11 g,26 g,7 g,210.0
Hamburger (Single Patty with Condiments),100 g,11.62 g,32.31 g,9.22 g,257.0
Breaded or Battered Potato French Fries,100 g,5.83 g,31.14 g,19.6 g,322.0
Natural Chicken Nuggets,100 g,11 g,17 g,6 g,170.0
Lamb Curry,100 g,11.96 g,1.57 g,5.86 g,109.0
"Nachos with Beef, Beans, Cheese and Sour Cream",100 g,10.9 g,25.03 g,16.81 g,290.0
Meatless Soyburger,100 g,17.91 g,13.4 g,5.97 g,179.0
Fajita with Chicken and Vegetables,100 g,8.82 g,18.62 g,5.43 g,158.0
Meatless Quesadilla with Cheese,100 g,14.1 g,26.2 g,20.27 g,345.0
Baked or Fried Batter Dipped Onion Rings (from Fresh),100 g,6.76 g,31.98 g,19.39 g,329.0
Hash Brown (from Dry Mix),100 g,3.14 g,27.93 g,11.43 g,217.0
Nachos with Beef and Cheese,100 g,22.22 g,13.42 g,23.15 g,352.0
Lowfat Beef Frankfurter or Hot Dog,100 g,12.77 g,1.7 g,19.68 g,238.0
"French Fried Potatoes (Cottage Cut, Par Fried, Frozen)",100 g,2.42 g,23.98 g,5.78 g,153.0
Lowfat Chicken Nuggets,100 g,19.29 g,13.79 g,6.33 g,195.0
Hashed Brown Potatoes,100 g,2.7 g,22.43 g,12.8 g,210.0
Onion Rings (Breaded and Fried),100 g,4.46 g,37.74 g,18.69 g,332.0
 Pizza,100 g,12.33 g,31.46 g,11.23 g,276.0
Corn Flakes,100 g,6.7 g,86.7 g,0.1 g,360.0
Toasted 100% Whole Wheat Bread,100 g,10.9 g,51.7 g,4.8 g,277.0
Hard Bread Sticks,100 g,12 g,68.4 g,9.5 g,412.0
"Meat, Poultry or Fish, Vegetables Sandwich Wrap",100 g,12.35 g,23.29 g,9.18 g,228.0
Low Sodium Hard Bread Stick,100 g,10.64 g,71.63 g,10.63 g,431.0
French Rolls,100 g,8.6 g,50.2 g,4.3 g,277.0
Whole Wheat and Rolled Oats with Nuts and Fruit Cereal (Presweetened),100 g,8 g,73.2 g,8.4 g,377.0
Cereal,100 g,7.24 g,83.02 g,3.38 g,376.0
Cheese Croissants,100 g,9.2 g,47 g,20.9 g,414.0
Whole Wheat Roti,100 g,5 g,19 g,3.5 g,130.0
Sprouted Wheat Bread,100 g,9.1 g,47.2 g,4.1 g,260.0
Potato Bread,100 g,7.64 g,50.61 g,3.29 g,266.0
Wrap Sandwich Filled with Vegetables,100 g,4.54 g,22.74 g,6.6 g,168.0
Garlic Naan Bread,100 g,4 g,28 g,3 g,160.0
Plain or Buttermilk Biscuit Dough (Lower Fat),100 g,6.7 g,47.6 g,4.5 g,257.0
Garlic Bread - Mozzarella,100 g,5 g,19 g,9 g,180.0
Whole Wheat Hard Bread Stick,100 g,13.42 g,68.38 g,10.54 g,410.0
Whole Wheat Bread with Nuts,100 g,8.43 g,42.95 g,15.76 g,332.0
Whole Wheat Tortilla,100 g,9.61 g,55.82 g,1.3 g,263.0
Whole Wheat Pita Bread,100 g,10.47 g,55.8 g,1.43 g,273.0
Granola,100 g,9.22 g,72.39 g,11.03 g,408.0
Wheat Bread (Reduced Calorie),100 g,9.1 g,43.6 g,2.3 g,198.0
Cheese Biscuit,100 g,9.25 g,41.82 g,18.86 g,374.0
Whole Wheat English Muffin,100 g,8.7 g,44.8 g,2 g,223.0
Sprouted Corn Tortillas,100 g,2 g,26 g,1.5 g,120.0
French or Vienna Bread (Includes Sourdough),100 g,8.8 g,51.9 g,3 g,274.0
"Plain or Buttermilk Biscuits (Dry Mix, Prepared)",100 g,7.3 g,48.4 g,12.1 g,335.0
Whole Wheat Hamburger Buns,100 g,5 g,18 g,1.5 g,100.0
Garlic Tandoori Naan,100 g,6 g,39 g,1.5 g,210.0
French Toast ,100 g,7.7 g,25 g,10.8 g,229.0
 Dumpling,100 g,3.3 g,20.22 g,3.21 g,124.0
Vegetable Samosas,100 g,5 g,22 g,6 g,170.0
Fish  Fillet,100 g,11.04 g,21.18 g,13.25 g,249.0
Pastry filled with Potatoes and Peas (Fried),100 g,4.67 g,32.21 g,17.86 g,308.0
Mousse (Flavors Other Than Chocolate),100 g,1.46 g,16.91 g,15.6 g,207.0
Chocolate and Vanilla Sandwich Cookie,100 g,4.92 g,71.87 g,19.54 g,474.0
Bread Stuffing (Dry Mix),100 g,11 g,76.2 g,3.4 g,386.0
White Wheat Flour (All Purpose),100 g,10.33 g,76.31 g,0.98 g,364.0
Cheese Spread,100 g,16.41 g,8.73 g,21.23 g,290.0
Protein Powder,100 g,31 g,49 g,9 g,401.0
Tempura Roll,100 g,25 g,82 g,11 g,531.0
French Toast with Butter,100 g,7.66 g,26.7 g,13.9 g,264.0
chicken  Spring Roll,100 g,5.94 g,10.88 g,5.36 g,116.0
Chocolate Sponge Cake,100 g,8.25 g,54.68 g,6.05 g,297.0
Beef Chow Mein,100 g,9.96 g,14.04 g,10.82 g,191.0
White Whole Grain Cornmeal,100 g,8.12 g,76.89 g,3.59 g,362.0
Pineapple juice,100 g,0 g,28 g,0 g,120.0
Plain Soy Yogurt,100 g,10 g,25 g,6 g,190.0
Chicken Salad Spread,100 g,11.64 g,7.41 g,13.52 g,200.0
Egg Roll with Chicken or Turkey,100 g,6.19 g,14.54 g,8.59 g,161.0
Peanuts,100 g,25.8 g,16.13 g,49.24 g,567.0
Dry Roasted Pistachio Nuts (Without Salt Added),100 g,21.35 g,27.65 g,45.97 g,571.0
Dry Roasted Cashew Nuts,100 g,15.31 g,32.69 g,46.35 g,574.0
Dry Roasted Almonds (Without Salt Added),100 g,22.09 g,19.29 g,52.83 g,597.0
Dried Sunflower Seed Kernels,100 g,22.78 g,18.76 g,49.57 g,570.0
Pecan Nuts,100 g,9.17 g,13.86 g,71.97 g,691.0
Dry Roasted Pecan Nuts (Without Salt Added),100 g,9.5 g,13.55 g,74.27 g,710.0
 Sunflower Seeds,100 g,22.78 g,18.76 g,49.57 g,570.0
Walnuts,100 g,15.23 g,13.71 g,65.21 g,654.0
Dry Roasted Pistachio Nuts (with Salt Added),100 g,21.35 g,26.78 g,45.97 g,568.0
Roasted Salted Cashew Nuts,100 g,16.84 g,30.16 g,47.77 g,581.0
Mixed Nuts,100 g,16.51 g,21.58 g,56.3 g,617.0
Oil Roasted Cashew Nuts,100 g,16.84 g,30.16 g,47.77 g,581.0
Roasted Mixed Nuts,100 g,15.52 g,22.27 g,56.17 g,615.0
Flaxseed Seeds,100 g,18.29 g,28.88 g,42.16 g,534.0
Roasted Soybeans ,100 g,35.22 g,33.55 g,25.4 g,471.0
Honey Roasted Almonds,100 g,18.74 g,25.38 g,48.61 g,571.0
Roasted Soy Nuts,100 g,9 g,7 g,5 g,100.0
Unblanched Dried Brazilnuts,100 g,14.32 g,12.27 g,66.43 g,656.0
Mixed Nuts in Shell,100 g,14.8 g,14.04 g,64.67 g,650.0
Pine Nuts,100 g,7 g,4 g,15 g,150.0
Honey Roasted Cashew Nuts,100 g,14.52 g,37.48 g,41.08 g,542.0
Pistachio Nuts,100 g,20.61 g,27.97 g,44.44 g,557.0
Pine Nuts ,100 g,13.69 g,13.08 g,68.37 g,673.0
Roasted Macadamia Nuts,100 g,7.79 g,12.83 g,76.08 g,716.0
Roasted & Salted Soy Nuts,100 g,10 g,11 g,5 g,130.0
Brazil Nuts,100 g,4 g,3 g,19 g,190.0
Blanched Almonds,100 g,21.94 g,19.94 g,50.62 g,581.0
Dried Whole Sesame Seeds,100 g,17.73 g,23.45 g,49.67 g,573.0
Dry Roasted Mixed Nuts,100 g,17.3 g,25.35 g,51.45 g,594.0
Roasted & Salted Pistachios,100 g,6 g,8 g,14 g,170.0
Brazil Nuts,100 g,4 g,3 g,21 g,220.0
Honey Roasted Walnuts,100 g,12.64 g,23.58 g,55.79 g,602.0
Roasted Unsalted Cashew Nuts,100 g,16.84 g,29.87 g,47.77 g,580.0
Dried Black Walnuts,100 g,24.06 g,9.91 g,59 g,618.0
"Roasted Soybeans (Mature Seeds, No Salt Added)",100 g,35.22 g,33.55 g,25.4 g,471.0
Dry Roasted Almonds (with Salt Added),100 g,22.09 g,19.29 g,52.83 g,597.0
Boiled Peanuts,100 g,13.5 g,21.26 g,22.01 g,318.0
Almonds,100 g,21.26 g,19.74 g,50.64 g,578.0
Macadamia Nuts,100 g,7.91 g,13.82 g,75.77 g,718.0
Walnut Halves & Pieces,100 g,4 g,4 g,18 g,180.0
Roasted Mixed Nuts with Peanuts,100 g,16.76 g,21.41 g,56.33 g,617.0
Dried Pine Nuts,100 g,13.69 g,13.08 g,68.37 g,673.0
Dried Pumpkin and Squash Seed Kernels,100 g,24.54 g,17.81 g,45.85 g,541.0
Honey Roasted Peanuts,100 g,24.47 g,23.87 g,45.77 g,561.0
Lamb Roast,100 g,23.93 g,0 g,18.15 g,266.0
Fried Chicken Drumstick No Coating,100 g,27.76 g,0 g,13.85 g,243.0
Corned Beef Spread,100 g,27.1 g,0 g,14.93 g,250.0
Chicken Drumstick (Skin Not Eaten),100 g,28.05 g,0 g,5.61 g,171.0
Fried Chicken Breast No Coating (Skin Eaten),100 g,31.67 g,0 g,9.1 g,216.0
Roasted Broiled or Baked Chicken Wing (Skin Eaten),100 g,26.64 g,0 g,19.3 g,288.0
Lamb Chop,100 g,22.03 g,0 g,24.37 g,314.0
Beef Steak,100 g,27.29 g,0 g,15.01 g,252.0
Roast Beef ,100 g,26.91 g,0 g,13.24 g,234.0
Organic Ground Chicken,100 g,21 g,1 g,12 g,200.0
Grilled Chicken Breast Fillets,100 g,13 g,0 g,9 g,130.0
Chicken Thigh Meat (Broilers or Fryers),100 g,19.65 g,0 g,3.91 g,119.0
Grilled Chicken Strips Fajita,100 g,19 g,5 g,2.5 g,120.0
Fried Chicken No Coating (Skin Eaten),100 g,28.62 g,0 g,15.35 g,260.0
Organic Grilled Chicken Breast Strips,100 g,18 g,3 g,1 g,100.0
Chicken Sausage,100 g,17.82 g,1.52 g,9.98 g,172.0
Salami,100 g,13.92 g,2.25 g,20.11 g,250.0
Ground Lamb,100 g,16.56 g,0 g,23.41 g,282.0
Ground Chicken,100 g,27.07 g,0 g,13.49 g,237.0
Beef Sausage,100 g,11.04 g,3.99 g,29.08 g,325.0
Roast Beef,100 g,25.91 g,0 g,17.32 g,267.0
Beef Salami,100 g,12.6 g,1.9 g,22.2 g,258.0
Deli Turkey or Chicken Breast Meat,100 g,17.07 g,4.21 g,1.66 g,104.0
Veal Loin,100 g,18.89 g,0 g,9.14 g,163.0
White Turkey ,100 g,13.5 g,7.7 g,3 g,112.0
Lamb Shoulder Chop,100 g,22.32 g,0 g,19.8 g,274.0
Chicken Wing ,100 g,30.21 g,0 g,8.06 g,201.0
Chicken Thigh,100 g,24.85 g,0 g,15.36 g,245.0
Duck Meat,100 g,18.28 g,0 g,5.95 g,132.0
Roasted Broiled or Baked Chicken Drumstick,100 g,26.8 g,0 g,11.06 g,214.0
Beef Steak ,100 g,29.81 g,0 g,6.63 g,187.0
Beef Meatballs,100 g,12.41 g,7.58 g,13.16 g,202.0
Fried Chicken Drumstick No Coating (Skin Eaten),100 g,27.76 g,0 g,13.85 g,243.0
Grilled Chicken ,100 g,28.69 g,0 g,7.35 g,188.0
Roasted Broiled or Baked Chicken Thigh,100 g,24.85 g,0 g,15.36 g,245.0
Ground Chicken,100 g,22 g,0 g,9 g,160.0
Fried Chicken Leg No Coating (Skin Eaten),100 g,27.31 g,0 g,14.78 g,250.0
Chicken Drumstick,100 g,26.8 g,0 g,11.06 g,214.0
Skinless Chicken Breast,100 g,23.09 g,0 g,1.24 g,110.0
Chicken Meatballs,100 g,19.39 g,6.94 g,5.62 g,161.0
Chicken,100 g,27.07 g,0 g,13.49 g,237.0
Ground Turkey (Cooked),100 g,27.36 g,0 g,13.15 g,235.0
Chicken Wing,100 g,26.64 g,0 g,19.3 g,288.0
Fried mutton Chop,100 g,26.41 g,0 g,18.5 g,279.0
Lamb,100 g,24.32 g,0 g,20.77 g,292.0
Turkey,100 g,28.9 g,0 g,7.02 g,187.0
